{"valueType":"nodes","values":[{"_typeName":"User","id":"cjphls3sk000f09161l4rrmjl","ccLast4":"4242","createdAt":"2018-12-10T00:53:04.661Z","email":"c@c.com","firstName":"Kameron","lastName":"Robinson","password":"$2b$10$SQJptwsGAGTs62Q02NSG9eN8Up3OGHPk./9SkY4nIjwNCiek2O1xa","stripeId":"cus_E7wJVD4YWWI0eI","type":"MONTHLY_PAID","updatedAt":"2018-12-10T05:10:17.908Z"},{"_typeName":"Sitte","id":"cjphme42c00170916f746xw91","createdAt":"2018-12-10T01:10:11.292Z","firstName":"Wolf","gender":"MALE","lastName":"Haley","rateAmount":40,"rateType":"FLAT","updatedAt":"2018-12-10T01:10:11.292Z"},{"_typeName":"Date","id":"cjphmnh0w001u09160fym9zk8","createdAt":"2018-12-10T01:17:27.925Z","dateObjectId":"1234","day":1,"hours":6,"month":11,"updatedAt":"2018-12-10T01:41:58.598Z","year":2018}]}